---------------------------------------------------------------------------------------------------------------------------------------------------------------------------------------------------------------------------------------------------------------------------------------------------------------------
Detailed RTL Component Info :
-----Module Name :
                    image_pcie_capture

-----Multipliers :
                    2 x 7     Multipliers := 2
                    8 x 8     Multipliers := 3
                    8 x 12     Multipliers := 351
                    8 x 15     Multipliers := 1
                    9 x 13     Multipliers := 1
                    32 x 16     Multipliers := 3

-----Adders :

APM: Final Mapping Report
|-----------------------------------------|---------------------------------------------------|--------------|--------------|---------|---------|---------|---------|---------|---------|---------|---------|--------------|--------------|--------------|--------------|--------------|--------------|
| APM Inst Name                           | APM Cascade                                       | X Size       | Y Size       | Z Size  | XB Size | P Size  | X_REG   | Y_REG   | Z_REG   | XB_REG  | P_REG   | MULT_REG     | PREADD_REG   | USE_PREADD   | USE_POSTADD  | USE_MULT     | Primitives   |
|-----------------------------------------|---------------------------------------------------|--------------|--------------|---------|---------|---------|---------|---------|---------|---------|---------|--------------|--------------|--------------|--------------|--------------|--------------|
| u_cnn_top/conv_top/conv7/conv1_1/N105   | /                                                 | 9(unsigned)  | 8(unsigned)  | /       | /       | 17      | 0       | 1       | /       | /       | 0       | 1            | 0            | 0            | 0            | 1            | GTP_APM_E2   |
|-----------------------------------------|---------------------------------------------------|--------------|--------------|---------|---------|---------|---------|---------|---------|---------|---------|--------------|--------------|--------------|--------------|--------------|--------------|
| u_cnn_top/u_rgb_end/N17                 | /                                                 | 8(unsigned)  | 8(unsigned)  | /       | /       | 16      | 1       | 1       | /       | /       | 1       | 1            | 0            | 0            | 1            | 1            | GTP_APM_E2   |
|-----------------------------------------|---------------------------------------------------|--------------|--------------|---------|---------|---------|---------|---------|---------|---------|---------|--------------|--------------|--------------|--------------|--------------|--------------|
| u_cnn_top/conv_top/conv7/conv1_4/N88    | /                                                 | 8(unsigned)  | 6(unsigned)  | /       | /       | 14      | 1       | 0       | /       | /       | 0       | 1            | 0            | 0            | 0            | 1            | GTP_APM_E2   |
|-----------------------------------------|---------------------------------------------------|--------------|--------------|---------|---------|---------|---------|---------|---------|---------|---------|--------------|--------------|--------------|--------------|--------------|--------------|
| u_cnn_top/conv_top/conv7/conv1_4/N85    | /                                                 | 8(unsigned)  | 8(unsigned)  | /       | /       | 16      | 0       | 1       | /       | /       | 0       | 1            | 0            | 0            | 0            | 1            | GTP_APM_E2   |
|-----------------------------------------|---------------------------------------------------|--------------|--------------|---------|---------|---------|---------|---------|---------|---------|---------|--------------|--------------|--------------|--------------|--------------|--------------|
| u_cnn_top/conv_top/conv7/conv1_4/N70    | /                                                 | 8(unsigned)  | 7(unsigned)  | /       | /       | 15      | 1       | 0       | /       | /       | 0       | 1            | 0            | 0            | 0            | 1            | GTP_APM_E2   |
|-----------------------------------------|---------------------------------------------------|--------------|--------------|---------|---------|---------|---------|---------|---------|---------|---------|--------------|--------------|--------------|--------------|--------------|--------------|
| u_cnn_top/conv_top/conv7/conv1_4/N76    | /                                                 | 9(unsigned)  | 8(unsigned)  | /       | /       | 17      | 0       | 1       | /       | /       | 0       | 1            | 0            | 0            | 0            | 1            | GTP_APM_E2   |
|-----------------------------------------|---------------------------------------------------|--------------|--------------|---------|---------|---------|---------|---------|---------|---------|---------|--------------|--------------|--------------|--------------|--------------|--------------|
| u_cnn_top/u_rgb_end/N14                 | /                                                 | 8(unsigned)  | 8(unsigned)  | /       | /       | 16      | 1       | 1       | /       | /       | 1       | 1            | 0            | 0            | 1            | 1            | GTP_APM_E2   |
|-----------------------------------------|---------------------------------------------------|--------------|--------------|---------|---------|---------|---------|---------|---------|---------|---------|--------------|--------------|--------------|--------------|--------------|--------------|
| u_cnn_top/u_rgb_end/N20                 | /                                                 | 8(unsigned)  | 8(unsigned)  | /       | /       | 16      | 1       | 1       | /       | /       | 1       | 1            | 0            | 0            | 1            | 1            | GTP_APM_E2   |
|-----------------------------------------|---------------------------------------------------|--------------|--------------|---------|---------|---------|---------|---------|---------|---------|---------|--------------|--------------|--------------|--------------|--------------|--------------|
| u_cnn_top/conv_top/conv7/conv1_1/N85    | /                                                 | 9(unsigned)  | 8(unsigned)  | /       | /       | 17      | 0       | 1       | /       | /       | 0       | 1            | 0            | 0            | 0            | 1            | GTP_APM_E2   |
|-----------------------------------------|---------------------------------------------------|--------------|--------------|---------|---------|---------|---------|---------|---------|---------|---------|--------------|--------------|--------------|--------------|--------------|--------------|
| u_cnn_top/conv_top/conv7/conv1_1/N101   | /                                                 | 9(unsigned)  | 8(unsigned)  | /       | /       | 17      | 0       | 1       | /       | /       | 0       | 1            | 0            | 0            | 0            | 1            | GTP_APM_E2   |
|-----------------------------------------|---------------------------------------------------|--------------|--------------|---------|---------|---------|---------|---------|---------|---------|---------|--------------|--------------|--------------|--------------|--------------|--------------|
| u_cnn_top/conv_top/conv7/conv1_4/N82    | /                                                 | 8(unsigned)  | 7(unsigned)  | /       | /       | 15      | 1       | 0       | /       | /       | 0       | 1            | 0            | 0            | 0            | 1            | GTP_APM_E2   |
|-----------------------------------------|---------------------------------------------------|--------------|--------------|---------|---------|---------|---------|---------|---------|---------|---------|--------------|--------------|--------------|--------------|--------------|--------------|
| u_cnn_top/conv_top/conv7/conv1_4/N73    | /                                                 | 9(unsigned)  | 8(unsigned)  | /       | /       | 17      | 0       | 1       | /       | /       | 0       | 1            | 0            | 0            | 0            | 1            | GTP_APM_E2   |
|-----------------------------------------|---------------------------------------------------|--------------|--------------|---------|---------|---------|---------|---------|---------|---------|---------|--------------|--------------|--------------|--------------|--------------|--------------|
| u_cnn_top/conv_top/conv7/conv1_4/N79    | /                                                 | 8(unsigned)  | 8(unsigned)  | /       | /       | 16      | 0       | 1       | /       | /       | 0       | 1            | 0            | 0            | 0            | 1            | GTP_APM_E2   |
|-----------------------------------------|---------------------------------------------------|--------------|--------------|---------|---------|---------|---------|---------|---------|---------|---------|--------------|--------------|--------------|--------------|--------------|--------------|
| u_cnn_top/conv_top/conv7/conv1_4/N64    | /                                                 | 8(unsigned)  | 6(unsigned)  | /       | /       | 14      | 1       | 0       | /       | /       | 0       | 1            | 0            | 0            | 0            | 1            | GTP_APM_E2   |
|-----------------------------------------|---------------------------------------------------|--------------|--------------|---------|---------|---------|---------|---------|---------|---------|---------|--------------|--------------|--------------|--------------|--------------|--------------|
| u_cnn_top/conv_top/conv7/conv1_4/N67    | /                                                 | 8(unsigned)  | 8(unsigned)  | /       | /       | 16      | 0       | 1       | /       | /       | 0       | 1            | 0            | 0            | 0            | 1            | GTP_APM_E2   |
|-----------------------------------------|---------------------------------------------------|--------------|--------------|---------|---------|---------|---------|---------|---------|---------|---------|--------------|--------------|--------------|--------------|--------------|--------------|
| u_cnn_top/conv_top/conv7/conv1_1/N97    | /                                                 | 8(unsigned)  | 8(unsigned)  | /       | /       | 16      | 0       | 1       | /       | /       | 0       | 1            | 0            | 0            | 0            | 1            | GTP_APM_E2   |
|-----------------------------------------|---------------------------------------------------|--------------|--------------|---------|---------|---------|---------|---------|---------|---------|---------|--------------|--------------|--------------|--------------|--------------|--------------|
| u_cnn_top/conv_top/conv7/conv1_1/N81    | /                                                 | 9(unsigned)  | 8(unsigned)  | /       | /       | 17      | 0       | 1       | /       | /       | 0       | 1            | 0            | 0            | 0            | 1            | GTP_APM_E2   |
|-----------------------------------------|---------------------------------------------------|--------------|--------------|---------|---------|---------|---------|---------|---------|---------|---------|--------------|--------------|--------------|--------------|--------------|--------------|
| u_cnn_top/conv_top/conv7/conv1_1/N93    | /                                                 | 9(unsigned)  | 8(unsigned)  | /       | /       | 17      | 0       | 1       | /       | /       | 0       | 1            | 0            | 0            | 0            | 1            | GTP_APM_E2   |
|-----------------------------------------|---------------------------------------------------|--------------|--------------|---------|---------|---------|---------|---------|---------|---------|---------|--------------|--------------|--------------|--------------|--------------|--------------|
| u_cnn_top/conv_top/conv7/conv1_1/N89    | /                                                 | 10(unsigned) | 8(unsigned)  | /       | /       | 18      | 0       | 1       | /       | /       | 0       | 1            | 0            | 0            | 0            | 1            | GTP_APM_E2   |
|-----------------------------------------|---------------------------------------------------|--------------|--------------|---------|---------|---------|---------|---------|---------|---------|---------|--------------|--------------|--------------|--------------|--------------|--------------|
| u_cnn_top/conv_top/conv4/conv1_3/N29    | /                                                 | 8(unsigned)  | 8(unsigned)  | /       | /       | 16      | 0       | 1       | /       | /       | 0       | 1            | 0            | 0            | 0            | 1            | GTP_APM_E2   |
|-----------------------------------------|---------------------------------------------------|--------------|--------------|---------|---------|---------|---------|---------|---------|---------|---------|--------------|--------------|--------------|--------------|--------------|--------------|
| u_cnn_top/conv_top/conv4/conv1_3/N33    | /                                                 | 8(unsigned)  | 7(unsigned)  | /       | /       | 15      | 1       | 0       | /       | /       | 0       | 1            | 0            | 0            | 0            | 1            | GTP_APM_E2   |
|-----------------------------------------|---------------------------------------------------|--------------|--------------|---------|---------|---------|---------|---------|---------|---------|---------|--------------|--------------|--------------|--------------|--------------|--------------|
| u_cnn_top/conv_top/conv4/conv1_3/N37    | /                                                 | 8(unsigned)  | 7(unsigned)  | /       | /       | 15      | 1       | 0       | /       | /       | 0       | 1            | 0            | 0            | 0            | 1            | GTP_APM_E2   |
|-----------------------------------------|---------------------------------------------------|--------------|--------------|---------|---------|---------|---------|---------|---------|---------|---------|--------------|--------------|--------------|--------------|--------------|--------------|
| u_cnn_top/conv_top/conv1/conv1_2/N33    | /                                                 | 8(unsigned)  | 5(unsigned)  | /       | /       | 13      | 1       | 0       | /       | /       | 0       | 1            | 0            | 0            | 0            | 1            | GTP_APM_E2   |
|-----------------------------------------|---------------------------------------------------|--------------|--------------|---------|---------|---------|---------|---------|---------|---------|---------|--------------|--------------|--------------|--------------|--------------|--------------|
| u_cnn_top/conv_top/conv1/conv1_2/N21    | /                                                 | 8(unsigned)  | 7(unsigned)  | /       | /       | 15      | 1       | 0       | /       | /       | 0       | 1            | 0            | 0            | 0            | 1            | GTP_APM_E2   |
|-----------------------------------------|---------------------------------------------------|--------------|--------------|---------|---------|---------|---------|---------|---------|---------|---------|--------------|--------------|--------------|--------------|--------------|--------------|
| u_cnn_top/conv_top/conv1/conv1_2/N25    | /                                                 | 8(unsigned)  | 7(unsigned)  | /       | /       | 15      | 1       | 0       | /       | /       | 0       | 1            | 0            | 0            | 0            | 1            | GTP_APM_E2   |
|-----------------------------------------|---------------------------------------------------|--------------|--------------|---------|---------|---------|---------|---------|---------|---------|---------|--------------|--------------|--------------|--------------|--------------|--------------|
| u_cnn_top/conv_top/conv4/conv1_2/N29    | /                                                 | 8(unsigned)  | 8(unsigned)  | /       | /       | 16      | 0       | 1       | /       | /       | 0       | 1            | 0            | 0            | 0            | 1            | GTP_APM_E2   |
|-----------------------------------------|---------------------------------------------------|--------------|--------------|---------|---------|---------|---------|---------|---------|---------|---------|--------------|--------------|--------------|--------------|--------------|--------------|
| u_cnn_top/conv_top/conv1/conv1_2/N37    | /                                                 | 8(unsigned)  | 5(unsigned)  | /       | /       | 13      | 1       | 0       | /       | /       | 0       | 1            | 0            | 0            | 0            | 1            | GTP_APM_E2   |
|-----------------------------------------|---------------------------------------------------|--------------|--------------|---------|---------|---------|---------|---------|---------|---------|---------|--------------|--------------|--------------|--------------|--------------|--------------|
| u_cnn_top/conv_top/conv1/conv1_2/N41    | /                                                 | 8(unsigned)  | 4(unsigned)  | /       | /       | 12      | 1       | 0       | /       | /       | 0       | 1            | 0            | 0            | 0            | 1            | GTP_APM_E2   |
|-----------------------------------------|---------------------------------------------------|--------------|--------------|---------|---------|---------|---------|---------|---------|---------|---------|--------------|--------------|--------------|--------------|--------------|--------------|
| u_cnn_top/conv_top/conv1/conv1_2/N29    | /                                                 | 8(unsigned)  | 6(unsigned)  | /       | /       | 14      | 1       | 0       | /       | /       | 0       | 1            | 0            | 0            | 0            | 1            | GTP_APM_E2   |
|-----------------------------------------|---------------------------------------------------|--------------|--------------|---------|---------|---------|---------|---------|---------|---------|---------|--------------|--------------|--------------|--------------|--------------|--------------|
| u_cnn_top/conv_top/conv4/conv1_2/N25    | /                                                 | 8(unsigned)  | 7(unsigned)  | /       | /       | 15      | 1       | 0       | /       | /       | 0       | 1            | 0            | 0            | 0            | 1            | GTP_APM_E2   |
|-----------------------------------------|---------------------------------------------------|--------------|--------------|---------|---------|---------|---------|---------|---------|---------|---------|--------------|--------------|--------------|--------------|--------------|--------------|
| u_cnn_top/conv_top/conv4/conv1_2/N21    | /                                                 | 8(unsigned)  | 7(unsigned)  | /       | /       | 15      | 1       | 0       | /       | /       | 0       | 1            | 0            | 0            | 0            | 1            | GTP_APM_E2   |
|-----------------------------------------|---------------------------------------------------|--------------|--------------|---------|---------|---------|---------|---------|---------|---------|---------|--------------|--------------|--------------|--------------|--------------|--------------|
| u_cnn_top/conv_top/conv4/conv1_2/N17    | /                                                 | 8(unsigned)  | 7(unsigned)  | /       | /       | 15      | 1       | 0       | /       | /       | 0       | 1            | 0            | 0            | 0            | 1            | GTP_APM_E2   |
|-----------------------------------------|---------------------------------------------------|--------------|--------------|---------|---------|---------|---------|---------|---------|---------|---------|--------------|--------------|--------------|--------------|--------------|--------------|
| u_cnn_top/conv_top/conv1/conv1_2/N45    | /                                                 | 8(unsigned)  | 7(unsigned)  | /       | /       | 15      | 1       | 0       | /       | /       | 0       | 1            | 0            | 0            | 0            | 1            | GTP_APM_E2   |
|-----------------------------------------|---------------------------------------------------|--------------|--------------|---------|---------|---------|---------|---------|---------|---------|---------|--------------|--------------|--------------|--------------|--------------|--------------|
| u_cnn_top/conv_top/conv4/conv1_2/N13    | /                                                 | 8(unsigned)  | 7(unsigned)  | /       | /       | 15      | 1       | 0       | /       | /       | 0       | 1            | 0            | 0            | 0            | 1            | GTP_APM_E2   |
|-----------------------------------------|---------------------------------------------------|--------------|--------------|---------|---------|---------|---------|---------|---------|---------|---------|--------------|--------------|--------------|--------------|--------------|--------------|
| u_cnn_top/conv2d/N225                   | /                                                 | 13(unsigned) | 8(unsigned)  | 23      | /       | 24      | 0       | 1       | 0       | /       | 1       | 1            | 0            | 0            | 1            | 1            | GTP_APM_E2   |
|-----------------------------------------|---------------------------------------------------|--------------|--------------|---------|---------|---------|---------|---------|---------|---------|---------|--------------|--------------|--------------|--------------|--------------|--------------|
| u_cnn_top/conv_top/conv1/conv1_1/N13    | /                                                 | 8(unsigned)  | 6(unsigned)  | /       | /       | 14      | 1       | 0       | /       | /       | 0       | 1            | 0            | 0            | 0            | 1            | GTP_APM_E2   |
|-----------------------------------------|---------------------------------------------------|--------------|--------------|---------|---------|---------|---------|---------|---------|---------|---------|--------------|--------------|--------------|--------------|--------------|--------------|
| u_cnn_top/u_rgb_end/N39_m1              | CPO>>24 + u_cnn_top/u_rgb_end/N39_m2              | 24(unsigned) | 16(unsigned) | /       | /       | 1       | 0       | 0       | /       | /       | 0       | 0            | 0            | 0            | 0            | 1            | GTP_APM_E2   |
|-----------------------------------------|---------------------------------------------------|--------------|--------------|---------|---------|---------|---------|---------|---------|---------|---------|--------------|--------------|--------------|--------------|--------------|--------------|
| u_cnn_top/conv_top/conv1/conv1_1/N25    | /                                                 | 8(unsigned)  | 7(unsigned)  | /       | /       | 15      | 1       | 0       | /       | /       | 0       | 1            | 0            | 0            | 0            | 1            | GTP_APM_E2   |
|-----------------------------------------|---------------------------------------------------|--------------|--------------|---------|---------|---------|---------|---------|---------|---------|---------|--------------|--------------|--------------|--------------|--------------|--------------|
| u_cnn_top/conv_top/conv1/conv1_1/N29    | /                                                 | 8(unsigned)  | 5(unsigned)  | /       | /       | 13      | 1       | 0       | /       | /       | 0       | 1            | 0            | 0            | 0            | 1            | GTP_APM_E2   |
|-----------------------------------------|---------------------------------------------------|--------------|--------------|---------|---------|---------|---------|---------|---------|---------|---------|--------------|--------------|--------------|--------------|--------------|--------------|
| u_cnn_top/conv_top/conv1/conv1_1/N17    | /                                                 | 8(unsigned)  | 5(unsigned)  | /       | /       | 13      | 1       | 0       | /       | /       | 0       | 1            | 0            | 0            | 0            | 1            | GTP_APM_E2   |
|-----------------------------------------|---------------------------------------------------|--------------|--------------|---------|---------|---------|---------|---------|---------|---------|---------|--------------|--------------|--------------|--------------|--------------|--------------|
| u_cnn_top/conv_top/conv1/conv1_1/N21    | /                                                 | 8(unsigned)  | 7(unsigned)  | /       | /       | 15      | 1       | 0       | /       | /       | 0       | 1            | 0            | 0            | 0            | 1            | GTP_APM_E2   |
|-----------------------------------------|---------------------------------------------------|--------------|--------------|---------|---------|---------|---------|---------|---------|---------|---------|--------------|--------------|--------------|--------------|--------------|--------------|
| u_cnn_top/conv_top/conv1/conv1_2/N13    | /                                                 | 8(unsigned)  | 6(unsigned)  | /       | /       | 14      | 1       | 0       | /       | /       | 0       | 1            | 0            | 0            | 0            | 1            | GTP_APM_E2   |
|-----------------------------------------|---------------------------------------------------|--------------|--------------|---------|---------|---------|---------|---------|---------|---------|---------|--------------|--------------|--------------|--------------|--------------|--------------|
| u_cnn_top/conv_top/conv1/conv1_1/N45    | /                                                 | 8(unsigned)  | 7(unsigned)  | /       | /       | 15      | 1       | 0       | /       | /       | 0       | 1            | 0            | 0            | 0            | 1            | GTP_APM_E2   |
|-----------------------------------------|---------------------------------------------------|--------------|--------------|---------|---------|---------|---------|---------|---------|---------|---------|--------------|--------------|--------------|--------------|--------------|--------------|
| u_cnn_top/conv_top/conv1/conv1_1/N41    | /                                                 | 8(unsigned)  | 3(unsigned)  | /       | /       | 11      | 1       | 0       | /       | /       | 0       | 1            | 0            | 0            | 0            | 1            | GTP_APM_E2   |
|-----------------------------------------|---------------------------------------------------|--------------|--------------|---------|---------|---------|---------|---------|---------|---------|---------|--------------|--------------|--------------|--------------|--------------|--------------|
| u_cnn_top/conv_top/conv1/conv1_1/N33    | /                                                 | 8(unsigned)  | 4(unsigned)  | /       | /       | 12      | 1       | 0       | /       | /       | 0       | 1            | 0            | 0            | 0            | 1            | GTP_APM_E2   |
|-----------------------------------------|---------------------------------------------------|--------------|--------------|---------|---------|---------|---------|---------|---------|---------|---------|--------------|--------------|--------------|--------------|--------------|--------------|
| u_cnn_top/conv_top/conv1/conv1_1/N37    | /                                                 | 8(unsigned)  | 5(unsigned)  | /       | /       | 13      | 1       | 0       | /       | /       | 0       | 1            | 0            | 0            | 0            | 1            | GTP_APM_E2   |
|-----------------------------------------|---------------------------------------------------|--------------|--------------|---------|---------|---------|---------|---------|---------|---------|---------|--------------|--------------|--------------|--------------|--------------|--------------|
| u_cnn_top/conv_top/conv1/conv1_2/N17    | /                                                 | 8(unsigned)  | 6(unsigned)  | /       | /       | 14      | 1       | 0       | /       | /       | 0       | 1            | 0            | 0            | 0            | 1            | GTP_APM_E2   |
|-----------------------------------------|---------------------------------------------------|--------------|--------------|---------|---------|---------|---------|---------|---------|---------|---------|--------------|--------------|--------------|--------------|--------------|--------------|
| u_cnn_top/u_rgb_end/N33_m1              | CPO>>24 + u_cnn_top/u_rgb_end/N33_m2              | 24(unsigned) | 16(unsigned) | /       | /       | 1       | 0       | 0       | /       | /       | 0       | 0            | 0            | 0            | 0            | 1            | GTP_APM_E2   |
|-----------------------------------------|---------------------------------------------------|--------------|--------------|---------|---------|---------|---------|---------|---------|---------|---------|--------------|--------------|--------------|--------------|--------------|--------------|
| u_cnn_top/u_rgb_end/N36_m1              | CPO>>24 + u_cnn_top/u_rgb_end/N36_m2              | 24(unsigned) | 16(unsigned) | /       | /       | 1       | 0       | 0       | /       | /       | 0       | 0            | 0            | 0            | 0            | 1            | GTP_APM_E2   |
|-----------------------------------------|---------------------------------------------------|--------------|--------------|---------|---------|---------|---------|---------|---------|---------|---------|--------------|--------------|--------------|--------------|--------------|--------------|
| u_cnn_top/conv2d/N234                   | /                                                 | 12(unsigned) | 8(unsigned)  | /       | /       | 22      | 0       | 1       | /       | /       | 0       | 1            | 0            | 0            | 0            | 1            | GTP_APM_E2   |
|-----------------------------------------|---------------------------------------------------|--------------|--------------|---------|---------|---------|---------|---------|---------|---------|---------|--------------|--------------|--------------|--------------|--------------|--------------|
| u_cnn_top/u_rgb_end/N33_m2              | /                                                 | 16(unsigned) | 8(unsigned)  | /       | /       | 24      | 0       | 0       | /       | /       | 1       | 0            | 0            | 0            | 1            | 1            | GTP_APM_E2   |
|-----------------------------------------|---------------------------------------------------|--------------|--------------|---------|---------|---------|---------|---------|---------|---------|---------|--------------|--------------|--------------|--------------|--------------|--------------|
| u_cnn_top/conv_top/conv4/conv1_3/N41    | /                                                 | 8(unsigned)  | 7(unsigned)  | /       | /       | 15      | 1       | 0       | /       | /       | 0       | 1            | 0            | 0            | 0            | 1            | GTP_APM_E2   |
|-----------------------------------------|---------------------------------------------------|--------------|--------------|---------|---------|---------|---------|---------|---------|---------|---------|--------------|--------------|--------------|--------------|--------------|--------------|
| u_cnn_top/conv_top/conv4/conv1_3/N25    | /                                                 | 8(unsigned)  | 7(unsigned)  | /       | /       | 15      | 1       | 0       | /       | /       | 0       | 1            | 0            | 0            | 0            | 1            | GTP_APM_E2   |
|-----------------------------------------|---------------------------------------------------|--------------|--------------|---------|---------|---------|---------|---------|---------|---------|---------|--------------|--------------|--------------|--------------|--------------|--------------|
| u_cnn_top/conv_top/conv4/conv1_3/N21    | /                                                 | 8(unsigned)  | 7(unsigned)  | /       | /       | 15      | 1       | 0       | /       | /       | 0       | 1            | 0            | 0            | 0            | 1            | GTP_APM_E2   |
|-----------------------------------------|---------------------------------------------------|--------------|--------------|---------|---------|---------|---------|---------|---------|---------|---------|--------------|--------------|--------------|--------------|--------------|--------------|
| u_cnn_top/conv_top/conv4/conv1_2/N41    | /                                                 | 8(unsigned)  | 7(unsigned)  | /       | /       | 15      | 1       | 0       | /       | /       | 0       | 1            | 0            | 0            | 0            | 1            | GTP_APM_E2   |
|-----------------------------------------|---------------------------------------------------|--------------|--------------|---------|---------|---------|---------|---------|---------|---------|---------|--------------|--------------|--------------|--------------|--------------|--------------|
| u_cnn_top/conv_top/conv4/conv1_3/N17    | /                                                 | 8(unsigned)  | 7(unsigned)  | /       | /       | 15      | 1       | 0       | /       | /       | 0       | 1            | 0            | 0            | 0            | 1            | GTP_APM_E2   |
|-----------------------------------------|---------------------------------------------------|--------------|--------------|---------|---------|---------|---------|---------|---------|---------|---------|--------------|--------------|--------------|--------------|--------------|--------------|
| u_cnn_top/conv_top/conv4/conv1_3/N13    | /                                                 | 8(unsigned)  | 7(unsigned)  | /       | /       | 15      | 1       | 0       | /       | /       | 0       | 1            | 0            | 0            | 0            | 1            | GTP_APM_E2   |
|-----------------------------------------|---------------------------------------------------|--------------|--------------|---------|---------|---------|---------|---------|---------|---------|---------|--------------|--------------|--------------|--------------|--------------|--------------|
| u_cnn_top/conv_top/conv4/conv1_2/N37    | /                                                 | 8(unsigned)  | 7(unsigned)  | /       | /       | 15      | 1       | 0       | /       | /       | 0       | 1            | 0            | 0            | 0            | 1            | GTP_APM_E2   |
|-----------------------------------------|---------------------------------------------------|--------------|--------------|---------|---------|---------|---------|---------|---------|---------|---------|--------------|--------------|--------------|--------------|--------------|--------------|
| u_cnn_top/conv_top/conv4/conv1_2/N33    | /                                                 | 8(unsigned)  | 7(unsigned)  | /       | /       | 15      | 1       | 0       | /       | /       | 0       | 1            | 0            | 0            | 0            | 1            | GTP_APM_E2   |
|-----------------------------------------|---------------------------------------------------|--------------|--------------|---------|---------|---------|---------|---------|---------|---------|---------|--------------|--------------|--------------|--------------|--------------|--------------|
| u_cnn_top/conv_top/conv4/conv1_2/N45    | /                                                 | 8(unsigned)  | 7(unsigned)  | /       | /       | 15      | 1       | 0       | /       | /       | 0       | 1            | 0            | 0            | 0            | 1            | GTP_APM_E2   |
|-----------------------------------------|---------------------------------------------------|--------------|--------------|---------|---------|---------|---------|---------|---------|---------|---------|--------------|--------------|--------------|--------------|--------------|--------------|
| u_cnn_top/conv_top/conv4/conv1_4/N33    | /                                                 | 8(unsigned)  | 7(unsigned)  | /       | /       | 15      | 1       | 0       | /       | /       | 0       | 1            | 0            | 0            | 0            | 1            | GTP_APM_E2   |
|-----------------------------------------|---------------------------------------------------|--------------|--------------|---------|---------|---------|---------|---------|---------|---------|---------|--------------|--------------|--------------|--------------|--------------|--------------|
| u_cnn_top/conv_top/conv5/conv1_3/N31    | /                                                 | 8(unsigned)  | 8(unsigned)  | /       | /       | 16      | 0       | 1       | /       | /       | 0       | 1            | 0            | 0            | 0            | 1            | GTP_APM_E2   |
|-----------------------------------------|---------------------------------------------------|--------------|--------------|---------|---------|---------|---------|---------|---------|---------|---------|--------------|--------------|--------------|--------------|--------------|--------------|
| u_cnn_top/conv_top/conv7/conv1_1/N42    | /                                                 | 9(unsigned)  | 8(unsigned)  | /       | /       | 17      | 0       | 1       | /       | /       | 0       | 1            | 0            | 0            | 0            | 1            | GTP_APM_E2   |
|-----------------------------------------|---------------------------------------------------|--------------|--------------|---------|---------|---------|---------|---------|---------|---------|---------|--------------|--------------|--------------|--------------|--------------|--------------|
| u_cnn_top/conv_top/conv7/conv1_1/N46    | /                                                 | 8(unsigned)  | 8(unsigned)  | /       | /       | 16      | 0       | 1       | /       | /       | 0       | 1            | 0            | 0            | 0            | 1            | GTP_APM_E2   |
|-----------------------------------------|---------------------------------------------------|--------------|--------------|---------|---------|---------|---------|---------|---------|---------|---------|--------------|--------------|--------------|--------------|--------------|--------------|
| u_cnn_top/u_rgb_end/N39_m2              | /                                                 | 16(unsigned) | 8(unsigned)  | /       | /       | 24      | 0       | 0       | /       | /       | 1       | 0            | 0            | 0            | 1            | 1            | GTP_APM_E2   |
|-----------------------------------------|---------------------------------------------------|--------------|--------------|---------|---------|---------|---------|---------|---------|---------|---------|--------------|--------------|--------------|--------------|--------------|--------------|
| u_cnn_top/conv_top/conv6/conv1_4/N40    | /                                                 | 8(unsigned)  | 8(unsigned)  | /       | /       | 16      | 0       | 1       | /       | /       | 0       | 1            | 0            | 0            | 0            | 1            | GTP_APM_E2   |
|-----------------------------------------|---------------------------------------------------|--------------|--------------|---------|---------|---------|---------|---------|---------|---------|---------|--------------|--------------|--------------|--------------|--------------|--------------|
| u_cnn_top/conv_top/conv7/conv1_1/N34    | /                                                 | 9(unsigned)  | 8(unsigned)  | /       | /       | 17      | 0       | 1       | /       | /       | 0       | 1            | 0            | 0            | 0            | 1            | GTP_APM_E2   |
|-----------------------------------------|---------------------------------------------------|--------------|--------------|---------|---------|---------|---------|---------|---------|---------|---------|--------------|--------------|--------------|--------------|--------------|--------------|
| u_cnn_top/conv_top/conv4/conv1_4/N45    | /                                                 | 8(unsigned)  | 7(unsigned)  | /       | /       | 15      | 1       | 0       | /       | /       | 0       | 1            | 0            | 0            | 0            | 1            | GTP_APM_E2   |
|-----------------------------------------|---------------------------------------------------|--------------|--------------|---------|---------|---------|---------|---------|---------|---------|---------|--------------|--------------|--------------|--------------|--------------|--------------|
| u_cnn_top/conv_top/conv4/conv1_4/N41    | /                                                 | 8(unsigned)  | 7(unsigned)  | /       | /       | 15      | 1       | 0       | /       | /       | 0       | 1            | 0            | 0            | 0            | 1            | GTP_APM_E2   |
|-----------------------------------------|---------------------------------------------------|--------------|--------------|---------|---------|---------|---------|---------|---------|---------|---------|--------------|--------------|--------------|--------------|--------------|--------------|
| u_cnn_top/conv_top/conv4/conv1_4/N37    | /                                                 | 8(unsigned)  | 7(unsigned)  | /       | /       | 15      | 1       | 0       | /       | /       | 0       | 1            | 0            | 0            | 0            | 1            | GTP_APM_E2   |
|-----------------------------------------|---------------------------------------------------|--------------|--------------|---------|---------|---------|---------|---------|---------|---------|---------|--------------|--------------|--------------|--------------|--------------|--------------|
| u_cnn_top/conv_top/conv4/conv1_4/N29    | /                                                 | 8(unsigned)  | 8(unsigned)  | /       | /       | 16      | 0       | 1       | /       | /       | 0       | 1            | 0            | 0            | 0            | 1            | GTP_APM_E2   |
|-----------------------------------------|---------------------------------------------------|--------------|--------------|---------|---------|---------|---------|---------|---------|---------|---------|--------------|--------------|--------------|--------------|--------------|--------------|
| u_cnn_top/conv_top/conv4/conv1_4/N25    | /                                                 | 8(unsigned)  | 7(unsigned)  | /       | /       | 15      | 1       | 0       | /       | /       | 0       | 1            | 0            | 0            | 0            | 1            | GTP_APM_E2   |
|-----------------------------------------|---------------------------------------------------|--------------|--------------|---------|---------|---------|---------|---------|---------|---------|---------|--------------|--------------|--------------|--------------|--------------|--------------|
| u_cnn_top/u_rgb_end/N36_m2              | /                                                 | 16(unsigned) | 8(unsigned)  | /       | /       | 24      | 0       | 0       | /       | /       | 1       | 0            | 0            | 0            | 1            | 1            | GTP_APM_E2   |
|-----------------------------------------|---------------------------------------------------|--------------|--------------|---------|---------|---------|---------|---------|---------|---------|---------|--------------|--------------|--------------|--------------|--------------|--------------|
| u_cnn_top/conv_top/conv4/conv1_4/N13    | /                                                 | 8(unsigned)  | 7(unsigned)  | /       | /       | 15      | 1       | 0       | /       | /       | 0       | 1            | 0            | 0            | 0            | 1            | GTP_APM_E2   |
|-----------------------------------------|---------------------------------------------------|--------------|--------------|---------|---------|---------|---------|---------|---------|---------|---------|--------------|--------------|--------------|--------------|--------------|--------------|
| u_cnn_top/conv_top/conv4/conv1_3/N45    | /                                                 | 8(unsigned)  | 7(unsigned)  | /       | /       | 15      | 1       | 0       | /       | /       | 0       | 1            | 0            | 0            | 0            | 1            | GTP_APM_E2   |
|-----------------------------------------|---------------------------------------------------|--------------|--------------|---------|---------|---------|---------|---------|---------|---------|---------|--------------|--------------|--------------|--------------|--------------|--------------|
| u_cnn_top/conv_top/conv4/conv1_4/N21    | /                                                 | 8(unsigned)  | 7(unsigned)  | /       | /       | 15      | 1       | 0       | /       | /       | 0       | 1            | 0            | 0            | 0            | 1            | GTP_APM_E2   |
|-----------------------------------------|---------------------------------------------------|--------------|--------------|---------|---------|---------|---------|---------|---------|---------|---------|--------------|--------------|--------------|--------------|--------------|--------------|
| u_cnn_top/conv_top/conv4/conv1_4/N17    | /                                                 | 8(unsigned)  | 7(unsigned)  | /       | /       | 15      | 1       | 0       | /       | /       | 0       | 1            | 0            | 0            | 0            | 1            | GTP_APM_E2   |
|-----------------------------------------|---------------------------------------------------|--------------|--------------|---------|---------|---------|---------|---------|---------|---------|---------|--------------|--------------|--------------|--------------|--------------|--------------|
| u_cnn_top/conv_top/conv6/conv1_4/N37    | /                                                 | 8(unsigned)  | 8(unsigned)  | /       | /       | 16      | 0       | 1       | /       | /       | 0       | 1            | 0            | 0            | 0            | 1            | GTP_APM_E2   |
|-----------------------------------------|---------------------------------------------------|--------------|--------------|---------|---------|---------|---------|---------|---------|---------|---------|--------------|--------------|--------------|--------------|--------------|--------------|
| u_cnn_top/conv_top/conv6/conv1_4/N46    | /                                                 | 8(unsigned)  | 8(unsigned)  | /       | /       | 16      | 0       | 1       | /       | /       | 0       | 1            | 0            | 0            | 0            | 1            | GTP_APM_E2   |
|-----------------------------------------|---------------------------------------------------|--------------|--------------|---------|---------|---------|---------|---------|---------|---------|---------|--------------|--------------|--------------|--------------|--------------|--------------|
| u_cnn_top/conv_top/conv6/conv1_4/N43    | /                                                 | 8(unsigned)  | 8(unsigned)  | /       | /       | 16      | 0       | 1       | /       | /       | 0       | 1            | 0            | 0            | 0            | 1            | GTP_APM_E2   |
|-----------------------------------------|---------------------------------------------------|--------------|--------------|---------|---------|---------|---------|---------|---------|---------|---------|--------------|--------------|--------------|--------------|--------------|--------------|
| u_cnn_top/conv_top/conv6/conv1_4/N22    | /                                                 | 8(unsigned)  | 7(unsigned)  | /       | /       | 15      | 1       | 0       | /       | /       | 0       | 1            | 0            | 0            | 0            | 1            | GTP_APM_E2   |
|-----------------------------------------|---------------------------------------------------|--------------|--------------|---------|---------|---------|---------|---------|---------|---------|---------|--------------|--------------|--------------|--------------|--------------|--------------|
| u_cnn_top/conv_top/conv5/conv1_3/N40    | /                                                 | 8(unsigned)  | 8(unsigned)  | /       | /       | 16      | 0       | 1       | /       | /       | 0       | 1            | 0            | 0            | 0            | 1            | GTP_APM_E2   |
|-----------------------------------------|---------------------------------------------------|--------------|--------------|---------|---------|---------|---------|---------|---------|---------|---------|--------------|--------------|--------------|--------------|--------------|--------------|
| u_cnn_top/conv_top/conv7/conv1_1/N54    | /                                                 | 8(unsigned)  | 7(unsigned)  | /       | /       | 15      | 1       | 0       | /       | /       | 0       | 1            | 0            | 0            | 0            | 1            | GTP_APM_E2   |
|-----------------------------------------|---------------------------------------------------|--------------|--------------|---------|---------|---------|---------|---------|---------|---------|---------|--------------|--------------|--------------|--------------|--------------|--------------|
| u_cnn_top/conv_top/conv7/conv1_1/N50    | /                                                 | 9(unsigned)  | 8(unsigned)  | /       | /       | 17      | 0       | 1       | /       | /       | 0       | 1            | 0            | 0            | 0            | 1            | GTP_APM_E2   |
|-----------------------------------------|---------------------------------------------------|--------------|--------------|---------|---------|---------|---------|---------|---------|---------|---------|--------------|--------------|--------------|--------------|--------------|--------------|
| u_cnn_top/conv_top/conv7/conv1_1/N30    | /                                                 | 8(unsigned)  | 7(unsigned)  | /       | /       | 15      | 1       | 0       | /       | /       | 0       | 1            | 0            | 0            | 0            | 1            | GTP_APM_E2   |
|-----------------------------------------|---------------------------------------------------|--------------|--------------|---------|---------|---------|---------|---------|---------|---------|---------|--------------|--------------|--------------|--------------|--------------|--------------|
| u_cnn_top/conv_top/conv7/conv1_1/N26    | /                                                 | 9(unsigned)  | 8(unsigned)  | /       | /       | 17      | 0       | 1       | /       | /       | 0       | 1            | 0            | 0            | 0            | 1            | GTP_APM_E2   |
|-----------------------------------------|---------------------------------------------------|--------------|--------------|---------|---------|---------|---------|---------|---------|---------|---------|--------------|--------------|--------------|--------------|--------------|--------------|
| u_cnn_top/conv_top/conv7/conv1_1/N22    | /                                                 | 8(unsigned)  | 8(unsigned)  | /       | /       | 16      | 0       | 1       | /       | /       | 0       | 1            | 0            | 0            | 0            | 1            | GTP_APM_E2   |
|-----------------------------------------|---------------------------------------------------|--------------|--------------|---------|---------|---------|---------|---------|---------|---------|---------|--------------|--------------|--------------|--------------|--------------|--------------|
| u_cnn_top/conv_top/conv7/conv1_1/N73    | /                                                 | 9(unsigned)  | 8(unsigned)  | /       | /       | 17      | 0       | 1       | /       | /       | 0       | 1            | 0            | 0            | 0            | 1            | GTP_APM_E2   |
|-----------------------------------------|---------------------------------------------------|--------------|--------------|---------|---------|---------|---------|---------|---------|---------|---------|--------------|--------------|--------------|--------------|--------------|--------------|
| u_cnn_top/conv_top/conv7/conv1_1/N38    | /                                                 | 10(unsigned) | 8(unsigned)  | /       | /       | 18      | 0       | 1       | /       | /       | 0       | 1            | 0            | 0            | 0            | 1            | GTP_APM_E2   |
|-----------------------------------------|---------------------------------------------------|--------------|--------------|---------|---------|---------|---------|---------|---------|---------|---------|--------------|--------------|--------------|--------------|--------------|--------------|
| u_cnn_top/conv_top/conv7/conv1_1/N77    | /                                                 | 9(unsigned)  | 8(unsigned)  | /       | /       | 17      | 0       | 1       | /       | /       | 0       | 1            | 0            | 0            | 0            | 1            | GTP_APM_E2   |
|-----------------------------------------|---------------------------------------------------|--------------|--------------|---------|---------|---------|---------|---------|---------|---------|---------|--------------|--------------|--------------|--------------|--------------|--------------|
| u_cnn_top/conv_top/conv6/conv1_4/N25    | /                                                 | 8(unsigned)  | 6(unsigned)  | /       | /       | 14      | 1       | 0       | /       | /       | 0       | 1            | 0            | 0            | 0            | 1            | GTP_APM_E2   |
|-----------------------------------------|---------------------------------------------------|--------------|--------------|---------|---------|---------|---------|---------|---------|---------|---------|--------------|--------------|--------------|--------------|--------------|--------------|
| u_cnn_top/conv_top/conv5/conv1_3/N46    | /                                                 | 8(unsigned)  | 8(unsigned)  | /       | /       | 16      | 0       | 1       | /       | /       | 0       | 1            | 0            | 0            | 0            | 1            | GTP_APM_E2   |
|-----------------------------------------|---------------------------------------------------|--------------|--------------|---------|---------|---------|---------|---------|---------|---------|---------|--------------|--------------|--------------|--------------|--------------|--------------|
| u_cnn_top/conv_top/conv6/conv1_4/N28    | /                                                 | 8(unsigned)  | 8(unsigned)  | /       | /       | 16      | 0       | 1       | /       | /       | 0       | 1            | 0            | 0            | 0            | 1            | GTP_APM_E2   |
|-----------------------------------------|---------------------------------------------------|--------------|--------------|---------|---------|---------|---------|---------|---------|---------|---------|--------------|--------------|--------------|--------------|--------------|--------------|
| u_cnn_top/conv_top/conv5/conv1_3/N34    | /                                                 | 8(unsigned)  | 7(unsigned)  | /       | /       | 15      | 1       | 0       | /       | /       | 0       | 1            | 0            | 0            | 0            | 1            | GTP_APM_E2   |
|-----------------------------------------|---------------------------------------------------|--------------|--------------|---------|---------|---------|---------|---------|---------|---------|---------|--------------|--------------|--------------|--------------|--------------|--------------|
| u_cnn_top/conv_top/conv5/conv1_3/N43    | /                                                 | 8(unsigned)  | 7(unsigned)  | /       | /       | 15      | 1       | 0       | /       | /       | 0       | 1            | 0            | 0            | 0            | 1            | GTP_APM_E2   |
|-----------------------------------------|---------------------------------------------------|--------------|--------------|---------|---------|---------|---------|---------|---------|---------|---------|--------------|--------------|--------------|--------------|--------------|--------------|
| u_cnn_top/conv_top/conv5/conv1_3/N28    | /                                                 | 8(unsigned)  | 7(unsigned)  | /       | /       | 15      | 1       | 0       | /       | /       | 0       | 1            | 0            | 0            | 0            | 1            | GTP_APM_E2   |
|-----------------------------------------|---------------------------------------------------|--------------|--------------|---------|---------|---------|---------|---------|---------|---------|---------|--------------|--------------|--------------|--------------|--------------|--------------|
| u_cnn_top/conv_top/conv5/conv1_3/N22    | /                                                 | 8(unsigned)  | 8(unsigned)  | /       | /       | 16      | 0       | 1       | /       | /       | 0       | 1            | 0            | 0            | 0            | 1            | GTP_APM_E2   |
|-----------------------------------------|---------------------------------------------------|--------------|--------------|---------|---------|---------|---------|---------|---------|---------|---------|--------------|--------------|--------------|--------------|--------------|--------------|
| u_cnn_top/conv_top/conv5/conv1_3/N37    | /                                                 | 8(unsigned)  | 7(unsigned)  | /       | /       | 15      | 1       | 0       | /       | /       | 0       | 1            | 0            | 0            | 0            | 1            | GTP_APM_E2   |
|-----------------------------------------|---------------------------------------------------|--------------|--------------|---------|---------|---------|---------|---------|---------|---------|---------|--------------|--------------|--------------|--------------|--------------|--------------|
| u_cnn_top/conv_top/conv5/conv1_3/N25    | /                                                 | 8(unsigned)  | 6(unsigned)  | /       | /       | 14      | 1       | 0       | /       | /       | 0       | 1            | 0            | 0            | 0            | 1            | GTP_APM_E2   |
|-----------------------------------------|---------------------------------------------------|--------------|--------------|---------|---------|---------|---------|---------|---------|---------|---------|--------------|--------------|--------------|--------------|--------------|--------------|
| u_cnn_top/conv_top/conv6/conv1_4/N34    | /                                                 | 8(unsigned)  | 8(unsigned)  | /       | /       | 16      | 0       | 1       | /       | /       | 0       | 1            | 0            | 0            | 0            | 1            | GTP_APM_E2   |
|-----------------------------------------|---------------------------------------------------|--------------|--------------|---------|---------|---------|---------|---------|---------|---------|---------|--------------|--------------|--------------|--------------|--------------|--------------|
| u_cnn_top/conv_top/conv6/conv1_4/N31    | /                                                 | 8(unsigned)  | 8(unsigned)  | /       | /       | 16      | 0       | 1       | /       | /       | 0       | 1            | 0            | 0            | 0            | 1            | GTP_APM_E2   |
|-----------------------------------------|---------------------------------------------------|--------------|--------------|---------|---------|---------|---------|---------|---------|---------|---------|--------------|--------------|--------------|--------------|--------------|--------------|

---------------------------------------------------------------------------------------------------------------------------------------------------------------------------------------------------------------------------------------------------------------------------------------------------------------------

---------------------------------------------------------------------------------------------------------------------------------------------------------------------------------------------------------------------------------------------------------------------------------------------------------------------------
Detailed RTL Component Info :
-----Module Name :
                    image_pcie_capture

-----ROMs :
            64 Bit    (64 x 1 bit)          ROMs := 1
            256 Bit    (64 x 4 bit)          ROMs := 1
            2K Bit    (64 x 34 bit)          ROMs := 1
            6K Bit    (256 x 24 bit)          ROMs := 1
            8K Bit    (256 x 32 bit)          ROMs := 1
            116K Bit    (256 x 464 bit)          ROMs := 1

-----RAMs :
            32 Bit    (16 x 2 bit)          RAMs := 1
            624 Bit    (16 x 39 bit)          RAMs := 2
            32 Bit    (32 x 1 bit)          RAMs := 1
            6K Bit    (64 x 102 bit)          RAMs := 1
            16K Bit    (128 x 128 bit)          RAMs := 2
            5K Bit    (1024 x 5 bit)          RAMs := 2
            6K Bit    (1024 x 6 bit)          RAMs := 13
            7K Bit    (1024 x 7 bit)          RAMs := 6
            8K Bit    (1024 x 8 bit)          RAMs := 29

Distributed RAM and Block RAM: Final Mapping Report
|--------------------------------------------------------------------------------------------------------------------------------------------------------------------------------------------------|------------------------|-------------------|---------|
| DPRAM Inst Name                                                                                                                                                                                  | Size (Depth x Width)   | Primitives        | Count   |
|--------------------------------------------------------------------------------------------------------------------------------------------------------------------------------------------------|------------------------|-------------------|---------|
| I_ips_ddr_top/u_ips_ddrc_top/mcdq_dcp_top/mcdq_dcp_buf/A_ips2l_distributed_fifo/u_ips2l_distributed_fifo_distributed_fifo_v1_0/ips2l_distributed_sdpram_distributed_fifo_v1_0/mem                | 16 x 39                |                   |         |
|                                                                                                                                                                                                  | 16 x 1                 | GTP_RAM32X1DP     | 1       |
|                                                                                                                                                                                                  | 16 x 2                 | GTP_RAM32X2DP     | 19      |
|--------------------------------------------------------------------------------------------------------------------------------------------------------------------------------------------------|------------------------|-------------------|---------|
| I_ips_ddr_top/u_ips_ddrc_top/mcdq_dcp_top/mcdq_dcp_buf/B_ips2l_distributed_fifo/u_ips2l_distributed_fifo_distributed_fifo_v1_0/ips2l_distributed_sdpram_distributed_fifo_v1_0/mem                | 16 x 39                |                   |         |
|                                                                                                                                                                                                  | 16 x 1                 | GTP_RAM32X1DP     | 1       |
|                                                                                                                                                                                                  | 16 x 2                 | GTP_RAM32X2DP     | 19      |
|--------------------------------------------------------------------------------------------------------------------------------------------------------------------------------------------------|------------------------|-------------------|---------|
| I_ips_ddr_top/u_ips_ddrc_top/mcdq_rdatapath/mcdq_prefetch_fifo/ips2l_distributed_fifo/u_ips2l_distributed_fifo_distributed_fifo_v1_0/ips2l_distributed_sdpram_distributed_fifo_v1_0/mem          | 32 x 1                 |                   |         |
|                                                                                                                                                                                                  | 32 x 1                 | GTP_RAM32X1DP     | 1       |
|--------------------------------------------------------------------------------------------------------------------------------------------------------------------------------------------------|------------------------|-------------------|---------|
| I_ips_ddr_top/u_ips_ddrc_top/mcdq_wdatapath/ips_distributed_fifo/u_ips2l_distributed_fifo_distributed_fifo_v1_0/ips2l_distributed_sdpram_distributed_fifo_v1_0/mem                               | 16 x 2                 |                   |         |
|                                                                                                                                                                                                  | 16 x 2                 | GTP_RAM32X2DP     | 1       |
|--------------------------------------------------------------------------------------------------------------------------------------------------------------------------------------------------|------------------------|-------------------|---------|
| u_cnn_top/conv_top/conv1/conv1_1/u_Matrix_Generate_3X3_8Bit/u_Line_Shift_RAM/RAMshfit_taps_u1/shift_ram                                                                                          | 1024 x 8               |                   |         |
|                                                                                                                                                                                                  | 256 x 1                | GTP_RAM256X1SP    | 32      |
|--------------------------------------------------------------------------------------------------------------------------------------------------------------------------------------------------|------------------------|-------------------|---------|
| u_cnn_top/conv_top/conv1/conv1_1/u_Matrix_Generate_3X3_8Bit/u_Line_Shift_RAM/RAMshfit_taps_u2/shift_ram                                                                                          | 1024 x 8               |                   |         |
|                                                                                                                                                                                                  | 256 x 1                | GTP_RAM256X1SP    | 32      |
|--------------------------------------------------------------------------------------------------------------------------------------------------------------------------------------------------|------------------------|-------------------|---------|
| u_cnn_top/conv_top/conv5/conv1_3/u_Matrix_Generate_3X3_8Bit/u_Line_Shift_RAM/RAMshfit_taps_u1/shift_ram                                                                                          | 1024 x 8               |                   |         |
|                                                                                                                                                                                                  | 256 x 1                | GTP_RAM256X1SP    | 4       |
|--------------------------------------------------------------------------------------------------------------------------------------------------------------------------------------------------|------------------------|-------------------|---------|
| u_cnn_top/conv_top/conv5/conv1_3/u_Matrix_Generate_3X3_8Bit/u_Line_Shift_RAM/RAMshfit_taps_u2/shift_ram                                                                                          | 1024 x 8               |                   |         |
|                                                                                                                                                                                                  | 256 x 1                | GTP_RAM256X1SP    | 4       |
|--------------------------------------------------------------------------------------------------------------------------------------------------------------------------------------------------|------------------------|-------------------|---------|
| u_cnn_top/conv_top/conv6/conv1_4/u_Matrix_Generate_3X3_8Bit/u_Line_Shift_RAM/RAMshfit_taps_u1/shift_ram                                                                                          | 1024 x 8               |                   |         |
|                                                                                                                                                                                                  | 256 x 1                | GTP_RAM256X1SP    | 32      |
|--------------------------------------------------------------------------------------------------------------------------------------------------------------------------------------------------|------------------------|-------------------|---------|
| u_cnn_top/conv_top/conv6/conv1_4/u_Matrix_Generate_3X3_8Bit/u_Line_Shift_RAM/RAMshfit_taps_u2/shift_ram                                                                                          | 1024 x 8               |                   |         |
|                                                                                                                                                                                                  | 256 x 1                | GTP_RAM256X1SP    | 32      |
|--------------------------------------------------------------------------------------------------------------------------------------------------------------------------------------------------|------------------------|-------------------|---------|
| u_cnn_top/conv_top/conv7/conv1_1/u_Matrix_Generate_3X3_8Bit/u_Line_Shift_RAM/RAMshfit_taps_u1/shift_ram                                                                                          | 1024 x 8               |                   |         |
|                                                                                                                                                                                                  | 256 x 1                | GTP_RAM256X1SP    | 32      |
|--------------------------------------------------------------------------------------------------------------------------------------------------------------------------------------------------|------------------------|-------------------|---------|
| u_cnn_top/conv_top/conv7/conv1_1/u_Matrix_Generate_3X3_8Bit/u_Line_Shift_RAM/RAMshfit_taps_u2/shift_ram                                                                                          | 1024 x 8               |                   |         |
|                                                                                                                                                                                                  | 256 x 1                | GTP_RAM256X1SP    | 32      |
|--------------------------------------------------------------------------------------------------------------------------------------------------------------------------------------------------|------------------------|-------------------|---------|
| u_cnn_top/conv_top/conv7/conv1_1/u_Matrix_Generate_3X3_8Bit_2/u_Line_Shift_RAM/RAMshfit_taps_u1/shift_ram                                                                                        | 1024 x 8               |                   |         |
|                                                                                                                                                                                                  | 256 x 1                | GTP_RAM256X1SP    | 32      |
|--------------------------------------------------------------------------------------------------------------------------------------------------------------------------------------------------|------------------------|-------------------|---------|
| u_cnn_top/conv_top/conv7/conv1_1/u_Matrix_Generate_3X3_8Bit_2/u_Line_Shift_RAM/RAMshfit_taps_u2/shift_ram                                                                                        | 1024 x 8               |                   |         |
|                                                                                                                                                                                                  | 256 x 1                | GTP_RAM256X1SP    | 32      |
|--------------------------------------------------------------------------------------------------------------------------------------------------------------------------------------------------|------------------------|-------------------|---------|
| u_cnn_top/conv_top/conv7/conv1_4/u_Matrix_Generate_3X3_8Bit_2/u_Line_Shift_RAM/RAMshfit_taps_u1/shift_ram                                                                                        | 1024 x 8               |                   |         |
|                                                                                                                                                                                                  | 256 x 1                | GTP_RAM256X1SP    | 32      |
|--------------------------------------------------------------------------------------------------------------------------------------------------------------------------------------------------|------------------------|-------------------|---------|
| u_cnn_top/conv_top/conv7/conv1_4/u_Matrix_Generate_3X3_8Bit_2/u_Line_Shift_RAM/RAMshfit_taps_u2/shift_ram                                                                                        | 1024 x 8               |                   |         |
|                                                                                                                                                                                                  | 256 x 1                | GTP_RAM256X1SP    | 32      |
|--------------------------------------------------------------------------------------------------------------------------------------------------------------------------------------------------|------------------------|-------------------|---------|
| u_ips2l_pcie_dma/u_ips2l_pcie_dma_tx_top/u_ips2l_pcie_dma_cpld_tx_ctrl/u_cpld_req_fifo/genblk1.pgs_pciex4_fifo/ipm_distributed_sdpram_distributed_fifo/mem                                       | 64 x 102               |                   |         |
|                                                                                                                                                                                                  | 64 x 1                 | GTP_RAM64X1DP     | 102     |
|--------------------------------------------------------------------------------------------------------------------------------------------------------------------------------------------------|------------------------|-------------------|---------|
| u_ips2l_pcie_dma/u_ips2l_pcie_dma_tx_top/u_ips2l_pcie_dma_tx_cpld_rd_ctrl/u_ips2l_pcie_dma_cpld_rd_ctrl/u_mwr_data_rd_fifo/genblk1.pgs_pciex4_fifo/ipm_distributed_sdpram_distributed_fifo/mem   | 128 x 128              |                   |         |
|                                                                                                                                                                                                  | 64 x 1                 | GTP_RAM64X1DP     | 256     |
|--------------------------------------------------------------------------------------------------------------------------------------------------------------------------------------------------|------------------------|-------------------|---------|
| u_ips2l_pcie_dma/u_ips2l_pcie_dma_tx_top/u_ips2l_pcie_dma_tx_mwr_rd_ctrl/u_ips2l_pcie_dma_mwr_rd_ctrl/u_mwr_data_rd_fifo/genblk1.pgs_pciex4_fifo/ipm_distributed_sdpram_distributed_fifo/mem     | 128 x 128              |                   |         |
|                                                                                                                                                                                                  | 64 x 1                 | GTP_RAM64X1DP     | 256     |
|--------------------------------------------------------------------------------------------------------------------------------------------------------------------------------------------------|------------------------|-------------------|---------|
| u_ips2l_pcie_wrap/U_IPS2L_PCIE_TOP/U_IPS2L_PCIE_HARD_CTRL/U_IPS2L_PCIE_CFG_SPACE_INIT/init_rom_1                                                                                                 | 64 x 4                 |                   |         |
|                                                                                                                                                                                                  | 64 x 1                 | GTP_ROM64X1       | 4       |
|--------------------------------------------------------------------------------------------------------------------------------------------------------------------------------------------------|------------------------|-------------------|---------|
| u_ips2l_pcie_wrap/U_IPS2L_PCIE_TOP/U_IPS2L_PCIE_HARD_CTRL/U_IPS2L_PCIE_CFG_SPACE_INIT/init_rom_2                                                                                                 | 64 x 1                 |                   |         |
|                                                                                                                                                                                                  | 64 x 1                 | GTP_ROM64X1       | 1       |
|--------------------------------------------------------------------------------------------------------------------------------------------------------------------------------------------------|------------------------|-------------------|---------|

|-----------------------------------------------------------------------------------------------------------------------------|------------------------|-------------------|-------------------|-------------------|-------------------|
| Inst Name                                                                                                                   | Size (Depth x Width)   | Write_Mode_A      | Write_Mode_B      | Ram_Mode          | Primitives        |
|-----------------------------------------------------------------------------------------------------------------------------|------------------------|-------------------|-------------------|-------------------|-------------------|
| u_cnn_top/conv_top/conv1/conv1_Y/u_Matrix_Generate_3X3_8Bit/u_Line_Shift_RAM/RAMshfit_taps_u1/shift_ram                     | 1 K x 8                |                   |                   |                   |                   |
|                                                                                               shift_ram                     | 1 K x 8                | NORMAL_WRITE      | NORMAL_WRITE      | SIMPLE_DUAL_PORT  | GTP_DRM18K_E1     |
|-----------------------------------------------------------------------------------------------------------------------------|------------------------|-------------------|-------------------|-------------------|-------------------|
| u_cnn_top/conv_top/conv1/conv1_b/u_Matrix_Generate_3X3_8Bit/u_Line_Shift_RAM/RAMshfit_taps_u1/shift_ram                     | 1 K x 5                |                   |                   |                   |                   |
|                                                                                               shift_ram                     | 1 K x 5                | NORMAL_WRITE      | NORMAL_WRITE      | SIMPLE_DUAL_PORT  | GTP_DRM18K_E1     |
|-----------------------------------------------------------------------------------------------------------------------------|------------------------|-------------------|-------------------|-------------------|-------------------|
| u_cnn_top/conv_top/conv1/conv1_g/u_Matrix_Generate_3X3_8Bit/u_Line_Shift_RAM/RAMshfit_taps_u1/shift_ram                     | 1 K x 6                |                   |                   |                   |                   |
|                                                                                               shift_ram                     | 1 K x 6                | NORMAL_WRITE      | NORMAL_WRITE      | SIMPLE_DUAL_PORT  | GTP_DRM18K_E1     |
|-----------------------------------------------------------------------------------------------------------------------------|------------------------|-------------------|-------------------|-------------------|-------------------|
| u_cnn_top/conv_top/conv1/conv1_r/u_Matrix_Generate_3X3_8Bit/u_Line_Shift_RAM/RAMshfit_taps_u1/shift_ram                     | 1 K x 5                |                   |                   |                   |                   |
|                                                                                               shift_ram                     | 1 K x 5                | NORMAL_WRITE      | NORMAL_WRITE      | SIMPLE_DUAL_PORT  | GTP_DRM18K_E1     |
|-----------------------------------------------------------------------------------------------------------------------------|------------------------|-------------------|-------------------|-------------------|-------------------|
| u_cnn_top/conv_top/conv2/conv1_Y/u_Matrix_Generate_3X3_8Bit/u_Line_Shift_RAM/RAMshfit_taps_u1/shift_ram                     | 1 K x 8                |                   |                   |                   |                   |
|                                                                                               shift_ram                     | 1 K x 8                | NORMAL_WRITE      | NORMAL_WRITE      | SIMPLE_DUAL_PORT  | GTP_DRM18K_E1     |
|-----------------------------------------------------------------------------------------------------------------------------|------------------------|-------------------|-------------------|-------------------|-------------------|
| u_cnn_top/conv_top/conv2/conv1_b/u_Matrix_Generate_3X3_8Bit/u_Line_Shift_RAM/RAMshfit_taps_u1/shift_ram                     | 1 K x 6                |                   |                   |                   |                   |
|                                                                                               shift_ram                     | 1 K x 6                | NORMAL_WRITE      | NORMAL_WRITE      | SIMPLE_DUAL_PORT  | GTP_DRM18K_E1     |
|-----------------------------------------------------------------------------------------------------------------------------|------------------------|-------------------|-------------------|-------------------|-------------------|
| u_cnn_top/conv_top/conv2/conv1_g/u_Matrix_Generate_3X3_8Bit/u_Line_Shift_RAM/RAMshfit_taps_u1/shift_ram                     | 1 K x 7                |                   |                   |                   |                   |
|                                                                                               shift_ram                     | 1 K x 7                | NORMAL_WRITE      | NORMAL_WRITE      | SIMPLE_DUAL_PORT  | GTP_DRM18K_E1     |
|-----------------------------------------------------------------------------------------------------------------------------|------------------------|-------------------|-------------------|-------------------|-------------------|
| u_cnn_top/conv_top/conv2/conv1_r/u_Matrix_Generate_3X3_8Bit/u_Line_Shift_RAM/RAMshfit_taps_u1/shift_ram                     | 1 K x 6                |                   |                   |                   |                   |
|                                                                                               shift_ram                     | 1 K x 6                | NORMAL_WRITE      | NORMAL_WRITE      | SIMPLE_DUAL_PORT  | GTP_DRM18K_E1     |
|-----------------------------------------------------------------------------------------------------------------------------|------------------------|-------------------|-------------------|-------------------|-------------------|
| u_cnn_top/conv_top/conv3/conv1_Y/u_Matrix_Generate_3X3_8Bit/u_Line_Shift_RAM/RAMshfit_taps_u1/shift_ram                     | 1 K x 8                |                   |                   |                   |                   |
|                                                                                               shift_ram                     | 1 K x 8                | NORMAL_WRITE      | NORMAL_WRITE      | SIMPLE_DUAL_PORT  | GTP_DRM18K_E1     |
|-----------------------------------------------------------------------------------------------------------------------------|------------------------|-------------------|-------------------|-------------------|-------------------|
| u_cnn_top/conv_top/conv3/conv1_b/u_Matrix_Generate_3X3_8Bit/u_Line_Shift_RAM/RAMshfit_taps_u1/shift_ram                     | 1 K x 6                |                   |                   |                   |                   |
|                                                                                               shift_ram                     | 1 K x 6                | NORMAL_WRITE      | NORMAL_WRITE      | SIMPLE_DUAL_PORT  | GTP_DRM18K_E1     |
|-----------------------------------------------------------------------------------------------------------------------------|------------------------|-------------------|-------------------|-------------------|-------------------|
| u_cnn_top/conv_top/conv3/conv1_g/u_Matrix_Generate_3X3_8Bit/u_Line_Shift_RAM/RAMshfit_taps_u1/shift_ram                     | 1 K x 7                |                   |                   |                   |                   |
|                                                                                               shift_ram                     | 1 K x 7                | NORMAL_WRITE      | NORMAL_WRITE      | SIMPLE_DUAL_PORT  | GTP_DRM18K_E1     |
|-----------------------------------------------------------------------------------------------------------------------------|------------------------|-------------------|-------------------|-------------------|-------------------|
| u_cnn_top/conv_top/conv3/conv1_r/u_Matrix_Generate_3X3_8Bit/u_Line_Shift_RAM/RAMshfit_taps_u1/shift_ram                     | 1 K x 6                |                   |                   |                   |                   |
|                                                                                               shift_ram                     | 1 K x 6                | NORMAL_WRITE      | NORMAL_WRITE      | SIMPLE_DUAL_PORT  | GTP_DRM18K_E1     |
|-----------------------------------------------------------------------------------------------------------------------------|------------------------|-------------------|-------------------|-------------------|-------------------|
| u_cnn_top/conv_top/conv4/conv1_Y/u_Matrix_Generate_3X3_8Bit/u_Line_Shift_RAM/RAMshfit_taps_u1/shift_ram                     | 1 K x 8                |                   |                   |                   |                   |
|                                                                                               shift_ram                     | 1 K x 8                | NORMAL_WRITE      | NORMAL_WRITE      | SIMPLE_DUAL_PORT  | GTP_DRM18K_E1     |
|-----------------------------------------------------------------------------------------------------------------------------|------------------------|-------------------|-------------------|-------------------|-------------------|
| u_cnn_top/conv_top/conv4/conv1_b/u_Matrix_Generate_3X3_8Bit/u_Line_Shift_RAM/RAMshfit_taps_u1/shift_ram                     | 1 K x 6                |                   |                   |                   |                   |
|                                                                                               shift_ram                     | 1 K x 6                | NORMAL_WRITE      | NORMAL_WRITE      | SIMPLE_DUAL_PORT  | GTP_DRM18K_E1     |
|-----------------------------------------------------------------------------------------------------------------------------|------------------------|-------------------|-------------------|-------------------|-------------------|
| u_cnn_top/conv_top/conv4/conv1_g/u_Matrix_Generate_3X3_8Bit/u_Line_Shift_RAM/RAMshfit_taps_u1/shift_ram                     | 1 K x 7                |                   |                   |                   |                   |
|                                                                                               shift_ram                     | 1 K x 7                | NORMAL_WRITE      | NORMAL_WRITE      | SIMPLE_DUAL_PORT  | GTP_DRM18K_E1     |
|-----------------------------------------------------------------------------------------------------------------------------|------------------------|-------------------|-------------------|-------------------|-------------------|
| u_cnn_top/conv_top/conv4/conv1_r/u_Matrix_Generate_3X3_8Bit/u_Line_Shift_RAM/RAMshfit_taps_u1/shift_ram                     | 1 K x 6                |                   |                   |                   |                   |
|                                                                                               shift_ram                     | 1 K x 6                | NORMAL_WRITE      | NORMAL_WRITE      | SIMPLE_DUAL_PORT  | GTP_DRM18K_E1     |
|-----------------------------------------------------------------------------------------------------------------------------|------------------------|-------------------|-------------------|-------------------|-------------------|
| u_cnn_top/conv_top/conv5/conv1_Y/u_Matrix_Generate_3X3_8Bit/u_Line_Shift_RAM/RAMshfit_taps_u1/shift_ram                     | 1 K x 8                |                   |                   |                   |                   |
|                                                                                               shift_ram                     | 1 K x 8                | NORMAL_WRITE      | NORMAL_WRITE      | SIMPLE_DUAL_PORT  | GTP_DRM18K_E1     |
|-----------------------------------------------------------------------------------------------------------------------------|------------------------|-------------------|-------------------|-------------------|-------------------|
| u_cnn_top/conv_top/conv5/conv1_b/u_Matrix_Generate_3X3_8Bit/u_Line_Shift_RAM/RAMshfit_taps_u1/shift_ram                     | 1 K x 6                |                   |                   |                   |                   |
|                                                                                               shift_ram                     | 1 K x 6                | NORMAL_WRITE      | NORMAL_WRITE      | SIMPLE_DUAL_PORT  | GTP_DRM18K_E1     |
|-----------------------------------------------------------------------------------------------------------------------------|------------------------|-------------------|-------------------|-------------------|-------------------|
| u_cnn_top/conv_top/conv5/conv1_g/u_Matrix_Generate_3X3_8Bit/u_Line_Shift_RAM/RAMshfit_taps_u1/shift_ram                     | 1 K x 7                |                   |                   |                   |                   |
|                                                                                               shift_ram                     | 1 K x 7                | NORMAL_WRITE      | NORMAL_WRITE      | SIMPLE_DUAL_PORT  | GTP_DRM18K_E1     |
|-----------------------------------------------------------------------------------------------------------------------------|------------------------|-------------------|-------------------|-------------------|-------------------|
| u_cnn_top/conv_top/conv5/conv1_r/u_Matrix_Generate_3X3_8Bit/u_Line_Shift_RAM/RAMshfit_taps_u1/shift_ram                     | 1 K x 6                |                   |                   |                   |                   |
|                                                                                               shift_ram                     | 1 K x 6                | NORMAL_WRITE      | NORMAL_WRITE      | SIMPLE_DUAL_PORT  | GTP_DRM18K_E1     |
|-----------------------------------------------------------------------------------------------------------------------------|------------------------|-------------------|-------------------|-------------------|-------------------|
| u_cnn_top/conv_top/conv6/conv1_Y/u_Matrix_Generate_3X3_8Bit/u_Line_Shift_RAM/RAMshfit_taps_u1/shift_ram                     | 1 K x 8                |                   |                   |                   |                   |
|                                                                                               shift_ram                     | 1 K x 8                | NORMAL_WRITE      | NORMAL_WRITE      | SIMPLE_DUAL_PORT  | GTP_DRM18K_E1     |
|-----------------------------------------------------------------------------------------------------------------------------|------------------------|-------------------|-------------------|-------------------|-------------------|
| u_cnn_top/conv_top/conv6/conv1_b/u_Matrix_Generate_3X3_8Bit/u_Line_Shift_RAM/RAMshfit_taps_u1/shift_ram                     | 1 K x 6                |                   |                   |                   |                   |
|                                                                                               shift_ram                     | 1 K x 6                | NORMAL_WRITE      | NORMAL_WRITE      | SIMPLE_DUAL_PORT  | GTP_DRM18K_E1     |
|-----------------------------------------------------------------------------------------------------------------------------|------------------------|-------------------|-------------------|-------------------|-------------------|
| u_cnn_top/conv_top/conv6/conv1_g/u_Matrix_Generate_3X3_8Bit/u_Line_Shift_RAM/RAMshfit_taps_u1/shift_ram                     | 1 K x 7                |                   |                   |                   |                   |
|                                                                                               shift_ram                     | 1 K x 7                | NORMAL_WRITE      | NORMAL_WRITE      | SIMPLE_DUAL_PORT  | GTP_DRM18K_E1     |
|-----------------------------------------------------------------------------------------------------------------------------|------------------------|-------------------|-------------------|-------------------|-------------------|
| u_cnn_top/conv_top/conv6/conv1_r/u_Matrix_Generate_3X3_8Bit/u_Line_Shift_RAM/RAMshfit_taps_u1/shift_ram                     | 1 K x 6                |                   |                   |                   |                   |
|                                                                                               shift_ram                     | 1 K x 6                | NORMAL_WRITE      | NORMAL_WRITE      | SIMPLE_DUAL_PORT  | GTP_DRM18K_E1     |
|-----------------------------------------------------------------------------------------------------------------------------|------------------------|-------------------|-------------------|-------------------|-------------------|
| u_cnn_top/conv_top/conv7/conv1_Y/u_Matrix_Generate_3X3_8Bit/u_Line_Shift_RAM/RAMshfit_taps_u1/shift_ram                     | 1 K x 8                |                   |                   |                   |                   |
|                                                                                               shift_ram                     | 1 K x 8                | NORMAL_WRITE      | NORMAL_WRITE      | SIMPLE_DUAL_PORT  | GTP_DRM18K_E1     |
|-----------------------------------------------------------------------------------------------------------------------------|------------------------|-------------------|-------------------|-------------------|-------------------|
| u_cnn_top/conv_top/conv7/conv1_b/u_Matrix_Generate_3X3_8Bit/u_Line_Shift_RAM/RAMshfit_taps_u1/shift_ram                     | 1 K x 6                |                   |                   |                   |                   |
|                                                                                               shift_ram                     | 1 K x 6                | NORMAL_WRITE      | NORMAL_WRITE      | SIMPLE_DUAL_PORT  | GTP_DRM18K_E1     |
|-----------------------------------------------------------------------------------------------------------------------------|------------------------|-------------------|-------------------|-------------------|-------------------|
| u_cnn_top/conv_top/conv7/conv1_g/u_Matrix_Generate_3X3_8Bit/u_Line_Shift_RAM/RAMshfit_taps_u1/shift_ram                     | 1 K x 7                |                   |                   |                   |                   |
|                                                                                               shift_ram                     | 1 K x 7                | NORMAL_WRITE      | NORMAL_WRITE      | SIMPLE_DUAL_PORT  | GTP_DRM18K_E1     |
|-----------------------------------------------------------------------------------------------------------------------------|------------------------|-------------------|-------------------|-------------------|-------------------|
| u_cnn_top/conv_top/conv7/conv1_r/u_Matrix_Generate_3X3_8Bit/u_Line_Shift_RAM/RAMshfit_taps_u1/shift_ram                     | 1 K x 6                |                   |                   |                   |                   |
|                                                                                               shift_ram                     | 1 K x 6                | NORMAL_WRITE      | NORMAL_WRITE      | SIMPLE_DUAL_PORT  | GTP_DRM18K_E1     |
|-----------------------------------------------------------------------------------------------------------------------------|------------------------|-------------------|-------------------|-------------------|-------------------|
| u_cnn_top/conv_top/conv_4channel_delay_1_1/conv1_g/u_Matrix_Generate_3X3_8Bit/u_Line_Shift_RAM/RAMshfit_taps_u1/shift_ram   | 1 K x 8                |                   |                   |                   |                   |
|                                                                                                                 shift_ram   | 1 K x 8                | NORMAL_WRITE      | NORMAL_WRITE      | SIMPLE_DUAL_PORT  | GTP_DRM18K_E1     |
|-----------------------------------------------------------------------------------------------------------------------------|------------------------|-------------------|-------------------|-------------------|-------------------|
| u_cnn_top/conv_top/conv_4channel_delay_1_1/conv1_r/u_Matrix_Generate_3X3_8Bit/u_Line_Shift_RAM/RAMshfit_taps_u1/shift_ram   | 1 K x 8                |                   |                   |                   |                   |
|                                                                                                                 shift_ram   | 1 K x 8                | NORMAL_WRITE      | NORMAL_WRITE      | SIMPLE_DUAL_PORT  | GTP_DRM18K_E1     |
|-----------------------------------------------------------------------------------------------------------------------------|------------------------|-------------------|-------------------|-------------------|-------------------|
| u_cnn_top/conv_top/conv_4channel_delay_1_2/conv1_g/u_Matrix_Generate_3X3_8Bit/u_Line_Shift_RAM/RAMshfit_taps_u1/shift_ram   | 1 K x 8                |                   |                   |                   |                   |
|                                                                                                                 shift_ram   | 1 K x 8                | NORMAL_WRITE      | NORMAL_WRITE      | SIMPLE_DUAL_PORT  | GTP_DRM18K_E1     |
|-----------------------------------------------------------------------------------------------------------------------------|------------------------|-------------------|-------------------|-------------------|-------------------|
| u_cnn_top/conv_top/conv_4channel_delay_1_2/conv1_r/u_Matrix_Generate_3X3_8Bit/u_Line_Shift_RAM/RAMshfit_taps_u1/shift_ram   | 1 K x 8                |                   |                   |                   |                   |
|                                                                                                                 shift_ram   | 1 K x 8                | NORMAL_WRITE      | NORMAL_WRITE      | SIMPLE_DUAL_PORT  | GTP_DRM18K_E1     |
|-----------------------------------------------------------------------------------------------------------------------------|------------------------|-------------------|-------------------|-------------------|-------------------|
| u_cnn_top/conv_top/conv_4channel_delay_1_3/conv1_g/u_Matrix_Generate_3X3_8Bit/u_Line_Shift_RAM/RAMshfit_taps_u1/shift_ram   | 1 K x 8                |                   |                   |                   |                   |
|                                                                                                                 shift_ram   | 1 K x 8                | NORMAL_WRITE      | NORMAL_WRITE      | SIMPLE_DUAL_PORT  | GTP_DRM18K_E1     |
|-----------------------------------------------------------------------------------------------------------------------------|------------------------|-------------------|-------------------|-------------------|-------------------|
| u_cnn_top/conv_top/conv_4channel_delay_1_3/conv1_r/u_Matrix_Generate_3X3_8Bit/u_Line_Shift_RAM/RAMshfit_taps_u1/shift_ram   | 1 K x 8                |                   |                   |                   |                   |
|                                                                                                                 shift_ram   | 1 K x 8                | NORMAL_WRITE      | NORMAL_WRITE      | SIMPLE_DUAL_PORT  | GTP_DRM18K_E1     |
|-----------------------------------------------------------------------------------------------------------------------------|------------------------|-------------------|-------------------|-------------------|-------------------|
| u_cnn_top/conv_top/conv_4channel_delay_1_4/conv1_g/u_Matrix_Generate_3X3_8Bit/u_Line_Shift_RAM/RAMshfit_taps_u1/shift_ram   | 1 K x 8                |                   |                   |                   |                   |
|                                                                                                                 shift_ram   | 1 K x 8                | NORMAL_WRITE      | NORMAL_WRITE      | SIMPLE_DUAL_PORT  | GTP_DRM18K_E1     |
|-----------------------------------------------------------------------------------------------------------------------------|------------------------|-------------------|-------------------|-------------------|-------------------|
| u_cnn_top/conv_top/conv_4channel_delay_1_4/conv1_r/u_Matrix_Generate_3X3_8Bit/u_Line_Shift_RAM/RAMshfit_taps_u1/shift_ram   | 1 K x 8                |                   |                   |                   |                   |
|                                                                                                                 shift_ram   | 1 K x 8                | NORMAL_WRITE      | NORMAL_WRITE      | SIMPLE_DUAL_PORT  | GTP_DRM18K_E1     |
|-----------------------------------------------------------------------------------------------------------------------------|------------------------|-------------------|-------------------|-------------------|-------------------|
| u_cnn_top/conv_top/conv_4channel_delay_1_5/conv1_g/u_Matrix_Generate_3X3_8Bit/u_Line_Shift_RAM/RAMshfit_taps_u1/shift_ram   | 1 K x 8                |                   |                   |                   |                   |
|                                                                                                                 shift_ram   | 1 K x 8                | NORMAL_WRITE      | NORMAL_WRITE      | SIMPLE_DUAL_PORT  | GTP_DRM18K_E1     |
|-----------------------------------------------------------------------------------------------------------------------------|------------------------|-------------------|-------------------|-------------------|-------------------|
| u_cnn_top/conv_top/conv_4channel_delay_1_5/conv1_r/u_Matrix_Generate_3X3_8Bit/u_Line_Shift_RAM/RAMshfit_taps_u1/shift_ram   | 1 K x 8                |                   |                   |                   |                   |
|                                                                                                                 shift_ram   | 1 K x 8                | NORMAL_WRITE      | NORMAL_WRITE      | SIMPLE_DUAL_PORT  | GTP_DRM18K_E1     |
|-----------------------------------------------------------------------------------------------------------------------------|------------------------|-------------------|-------------------|-------------------|-------------------|
| u_cnn_top/u_gamma_judge/Curve_Gamma_18/Post_Data_1_concat_58                                                                | 256 x 464              |                   |                   |                   |                   |
|                                        Post_Data_1_concat_58_1_0                                                            | 256 x 72               | NORMAL_WRITE      | /                 | SINGLE_PORT       | GTP_DRM36K_E1     |
|                                        Post_Data_1_concat_58_1_1_0                                                          | 256 x 64               | NORMAL_WRITE      | /                 | SINGLE_PORT       | GTP_DRM36K_E1     |
|                                        Post_Data_1_concat_58_1_1_1                                                          | 256 x 64               | NORMAL_WRITE      | /                 | SINGLE_PORT       | GTP_DRM36K_E1     |
|                                        Post_Data_1_concat_58_1_1_2                                                          | 256 x 64               | NORMAL_WRITE      | /                 | SINGLE_PORT       | GTP_DRM36K_E1     |
|                                        Post_Data_1_concat_58_1_1_3                                                          | 256 x 64               | NORMAL_WRITE      | /                 | SINGLE_PORT       | GTP_DRM36K_E1     |
|                                        Post_Data_1_concat_58_1_1_4                                                          | 256 x 64               | NORMAL_WRITE      | /                 | SINGLE_PORT       | GTP_DRM36K_E1     |
|                                        Post_Data_1_concat_58_0                                                              | 256 x 72               | NORMAL_WRITE      | /                 | SINGLE_PORT       | GTP_DRM36K_E1     |
|-----------------------------------------------------------------------------------------------------------------------------|------------------------|-------------------|-------------------|-------------------|-------------------|
| u_cnn_top/u_rgb_end/u_Reciprocal_cnn/Recip                                                                                  | 256 x 32               |                   |                   |                   |                   |
|                                      Recip                                                                                  | 256 x 32               | NORMAL_WRITE      | /                 | SINGLE_PORT       | GTP_DRM18K_E1     |
|-----------------------------------------------------------------------------------------------------------------------------|------------------------|-------------------|-------------------|-------------------|-------------------|
| u_ips2l_pcie_wrap/U_IPS2L_PCIE_TOP/U_IPS2L_PCIE_HARD_CTRL/U_IPS2L_PCIE_CFG_SPACE_INIT/init_rom_1_reg_10_concat_4            | 64 x 34                |                   |                   |                   |                   |
|                                                                                       init_rom_1_reg_10_concat_4            | 64 x 34                | NORMAL_WRITE      | /                 | SINGLE_PORT       | GTP_DRM18K_E1     |
|-----------------------------------------------------------------------------------------------------------------------------|------------------------|-------------------|-------------------|-------------------|-------------------|
| u_ov5640_top/cmos2_reg_config/reg_data                                                                                      | 256 x 24               |                   |                   |                   |                   |
|                               reg_data                                                                                      | 256 x 24               | NORMAL_WRITE      | /                 | SINGLE_PORT       | GTP_DRM18K_E1     |
|-----------------------------------------------------------------------------------------------------------------------------|------------------------|-------------------|-------------------|-------------------|-------------------|

---------------------------------------------------------------------------------------------------------------------------------------------------------------------------------------------------------------------------------------------------------------------------------------------------------------------------

